{"cameraMode":{"drawMode":0,"name":"Shaded","section":"Shading Mode"},"sceneLighting":true,"audioPlay":false,"sceneViewState":{"m_AlwaysRefresh":false,"showFog":true,"showSkybox":true,"showFlares":true,"showImageEffects":true,"showParticleSystems":true,"showVisualEffectGraphs":true,"m_FxEnabled":true},"in2DMode":false,"pivot":{"x":-48.356624603271487,"y":-3.920206069946289,"z":23.723520278930665},"rotation":{"x":0.11045435816049576,"y":0.6947437524795532,"z":-0.10926713794469834,"w":0.7022853493690491},"size":30.37664222717285,"orthographic":true}