{"cameraMode":{"drawMode":0,"name":"Shaded","section":"Shading Mode"},"sceneLighting":true,"audioPlay":false,"sceneViewState":{"m_AlwaysRefresh":false,"showFog":true,"showSkybox":true,"showFlares":true,"showImageEffects":true,"showParticleSystems":true,"showVisualEffectGraphs":true,"m_FxEnabled":true},"in2DMode":false,"pivot":{"x":-11.883905410766602,"y":-17.119197845458986,"z":-15.056134223937989},"rotation":{"x":0.07950325310230255,"y":-0.9085432291030884,"z":0.20250967144966126,"w":0.3566901683807373},"size":18.268064498901368,"orthographic":false}