{"cameraMode":{"drawMode":0,"name":"Shaded","section":"Shading Mode"},"sceneLighting":true,"audioPlay":false,"sceneViewState":{"m_AlwaysRefresh":false,"showFog":true,"showSkybox":true,"showFlares":true,"showImageEffects":true,"showParticleSystems":true,"showVisualEffectGraphs":true,"m_FxEnabled":true},"in2DMode":false,"pivot":{"x":-9.522937774658204,"y":10.00090503692627,"z":-16.423513412475587},"rotation":{"x":0.17309166491031648,"y":-0.01920386403799057,"z":0.0033770164009183647,"w":0.984721839427948},"size":4.398063659667969,"orthographic":true}