{"cameraMode":{"drawMode":0,"name":"Shaded","section":"Shading Mode"},"sceneLighting":true,"audioPlay":false,"sceneViewState":{"m_AlwaysRefresh":false,"showFog":true,"showSkybox":true,"showFlares":true,"showImageEffects":true,"showParticleSystems":true,"showVisualEffectGraphs":true,"m_FxEnabled":true},"in2DMode":false,"pivot":{"x":-13.004142761230469,"y":-0.17994165420532227,"z":0.09275054186582566},"rotation":{"x":-0.0002586558985058218,"y":0.9996294975280762,"z":-0.02549583464860916,"w":-0.01020040176808834},"size":309.6020202636719,"orthographic":true}