{"cameraMode":{"drawMode":0,"name":"Shaded","section":"Shading Mode"},"sceneLighting":true,"audioPlay":false,"sceneViewState":{"m_AlwaysRefresh":false,"showFog":true,"showSkybox":true,"showFlares":true,"showImageEffects":true,"showParticleSystems":true,"showVisualEffectGraphs":true,"m_FxEnabled":true},"in2DMode":false,"pivot":{"x":1.6711344718933106,"y":2.4498934745788576,"z":1.4690123796463013},"rotation":{"x":-0.007803565356880426,"y":0.03958626091480255,"z":-0.0003097357403021306,"w":-0.9992003440856934},"size":14.486821174621582,"orthographic":false}