{"cameraMode":{"drawMode":0,"name":"Shaded","section":"Shading Mode"},"sceneLighting":true,"audioPlay":false,"sceneViewState":{"m_AlwaysRefresh":false,"showFog":true,"showSkybox":true,"showFlares":true,"showImageEffects":true,"showParticleSystems":true,"showVisualEffectGraphs":true,"m_FxEnabled":true},"in2DMode":false,"pivot":{"x":-5.7269487380981449,"y":-0.7380507588386536,"z":2.2014973163604738},"rotation":{"x":-0.18469709157943726,"y":0.4776269793510437,"z":-0.1034543439745903,"w":-0.8526867628097534},"size":3.7258169651031496,"orthographic":false}