{"cameraMode":{"drawMode":0,"name":"Shaded","section":"Shading Mode"},"sceneLighting":true,"audioPlay":false,"sceneViewState":{"m_AlwaysRefresh":false,"showFog":true,"showSkybox":true,"showFlares":true,"showImageEffects":true,"showParticleSystems":true,"showVisualEffectGraphs":true,"m_FxEnabled":true},"in2DMode":false,"pivot":{"x":10.678339958190918,"y":-6.661316394805908,"z":1.2124732732772828},"rotation":{"x":-0.11395760625600815,"y":-0.0426102839410305,"z":0.004892679397016764,"w":-0.9925743341445923},"size":29.877243041992189,"orthographic":false}