{"cameraMode":{"drawMode":0,"name":"Shaded","section":"Shading Mode"},"sceneLighting":true,"audioPlay":false,"sceneViewState":{"m_AlwaysRefresh":false,"showFog":true,"showSkybox":true,"showFlares":true,"showImageEffects":true,"showParticleSystems":true,"showVisualEffectGraphs":true,"m_FxEnabled":true},"in2DMode":false,"pivot":{"x":799.5296020507813,"y":588.7133178710938,"z":-54.177242279052737},"rotation":{"x":-0.06925055384635925,"y":-0.011375621892511845,"z":0.0007867437088862062,"w":-0.9975455403327942},"size":702.187255859375,"orthographic":false}