{"cameraMode":{"drawMode":0,"name":"Shaded","section":"Shading Mode"},"sceneLighting":true,"audioPlay":false,"sceneViewState":{"m_AlwaysRefresh":false,"showFog":true,"showSkybox":true,"showFlares":true,"showImageEffects":true,"showParticleSystems":true,"showVisualEffectGraphs":true,"m_FxEnabled":true},"in2DMode":false,"pivot":{"x":6.646237373352051,"y":-3.2238824367523195,"z":1.3686732053756714},"rotation":{"x":-0.21755418181419373,"y":-0.006737982854247093,"z":0.0015001256251707674,"w":-0.976039469242096},"size":5.070906639099121,"orthographic":false}