{"cameraMode":{"drawMode":0,"name":"Shaded","section":"Shading Mode"},"sceneLighting":true,"audioPlay":false,"sceneViewState":{"m_AlwaysRefresh":false,"showFog":true,"showSkybox":true,"showFlares":true,"showImageEffects":true,"showParticleSystems":true,"showVisualEffectGraphs":true,"m_FxEnabled":true},"in2DMode":false,"pivot":{"x":8.46092414855957,"y":2.758296251296997,"z":0.19192326068878175},"rotation":{"x":-0.06925055384635925,"y":-0.011375621892511845,"z":0.0007867437088862062,"w":-0.9975455403327942},"size":5.593912124633789,"orthographic":false}