{"cameraMode":{"drawMode":0,"name":"Shaded","section":"Shading Mode"},"sceneLighting":true,"audioPlay":false,"sceneViewState":{"m_AlwaysRefresh":false,"showFog":true,"showSkybox":false,"showFlares":true,"showImageEffects":true,"showParticleSystems":true,"showVisualEffectGraphs":true,"m_FxEnabled":true},"in2DMode":false,"pivot":{"x":-0.029249191284179689,"y":-0.0030843019485473634,"z":-0.08609974384307862},"rotation":{"x":-0.19894421100616456,"y":0.3812076449394226,"z":-0.08436564356088638,"w":-0.8988878130912781},"size":1.7628889083862305,"orthographic":false}