{"cameraMode":{"drawMode":0,"name":"Shaded","section":"Shading Mode"},"sceneLighting":false,"audioPlay":false,"sceneViewState":{"m_AlwaysRefresh":false,"showFog":true,"showSkybox":false,"showFlares":true,"showImageEffects":true,"showParticleSystems":true,"showVisualEffectGraphs":true,"m_FxEnabled":true},"in2DMode":false,"pivot":{"x":-3.1951675415039064,"y":-0.17320677638053895,"z":-1.7364554405212403},"rotation":{"x":-0.13439799845218659,"y":0.08520498871803284,"z":-0.011600786820054055,"w":-0.9871954917907715},"size":9.104763984680176,"orthographic":false}