{"cameraMode":{"drawMode":0,"name":"Shaded","section":"Shading Mode"},"sceneLighting":false,"audioPlay":false,"sceneViewState":{"m_AlwaysRefresh":false,"showFog":true,"showSkybox":false,"showFlares":true,"showImageEffects":true,"showParticleSystems":true,"showVisualEffectGraphs":true,"m_FxEnabled":true},"in2DMode":false,"pivot":{"x":0.7416630387306213,"y":1.5831665992736817,"z":0.4154996871948242},"rotation":{"x":-0.1065402552485466,"y":-0.035194769501686099,"z":0.003773303236812353,"w":-0.9936903119087219},"size":6.04035758972168,"orthographic":false}