{"cameraMode":{"drawMode":0,"name":"Shaded","section":"Shading Mode"},"sceneLighting":false,"audioPlay":false,"sceneViewState":{"m_AlwaysRefresh":false,"showFog":true,"showSkybox":false,"showFlares":true,"showImageEffects":true,"showParticleSystems":true,"showVisualEffectGraphs":true,"m_FxEnabled":true},"in2DMode":false,"pivot":{"x":0.008290410041809082,"y":-0.0019365549087524415,"z":0.14799854159355164},"rotation":{"x":-0.23200461268424989,"y":0.03704746812582016,"z":-0.008841740898787976,"w":-0.9719750285148621},"size":0.22785383462905885,"orthographic":false}