{
    "_ColorR": 0.15572798252105714,
    "_ColorG": 0.6037735939025879,
    "_ColorB": 0.11676748842000961,
    "_RampLevels": 2.0,
    "_LightScalar": 1.0,
    "_HighColorR": 0.4520754814147949,
    "_HighColorG": 0.9150943160057068,
    "_HighColorB": 0.4014328420162201,
    "_HighIntensity": 2.0,
    "_LowColorR": 0.32502666115760805,
    "_LowColorG": 0.8301886916160584,
    "_LowColorB": 0.32754698395729067,
    "_LowIntensity": 1.0,
    "_OutlineColorR": 0.0,
    "_OutlineColorG": 0.0,
    "_OutlineColorB": 0.0,
    "_OutlineSize": 10.0,
    "_RimColorR": 0.0,
    "_RimColorG": 0.0,
    "_RimColorB": 0.0,
    "_RimAlpha": 1.0,
    "_RimPower": 0.10999999940395355,
    "_RimDropOff": 1.0,
    "_FresnelColorR": 0.0,
    "_FresnelColorG": 0.0,
    "_FresnelColorB": 0.0,
    "_FresnelBrightness": 0.0,
    "_FresnelPower": 0.0,
    "_FresnelShadowDropoff": 0.0,
    "_GradYCap": 0.0,
    "_GradIntensity": 0.0
}