{"cameraMode":{"drawMode":0,"name":"Shaded","section":"Shading Mode"},"sceneLighting":false,"audioPlay":false,"sceneViewState":{"m_AlwaysRefresh":false,"showFog":true,"showSkybox":false,"showFlares":true,"showImageEffects":true,"showParticleSystems":true,"showVisualEffectGraphs":true,"m_FxEnabled":true},"in2DMode":false,"pivot":{"x":-2.384185791015625e-7,"y":10.164224624633789,"z":-0.00017780065536499023},"rotation":{"x":0.2153211236000061,"y":0.2767835259437561,"z":-0.06378483772277832,"w":0.9343322515487671},"size":1.5813039541244507,"orthographic":true}