{"cameraMode":{"drawMode":0,"name":"Shaded","section":"Shading Mode"},"sceneLighting":false,"audioPlay":false,"sceneViewState":{"m_AlwaysRefresh":false,"showFog":true,"showSkybox":false,"showFlares":true,"showImageEffects":true,"showParticleSystems":true,"showVisualEffectGraphs":true,"m_FxEnabled":true},"in2DMode":false,"pivot":{"x":809.5472412109375,"y":489.0027770996094,"z":-1.35235595703125},"rotation":{"x":-0.04229750856757164,"y":-0.0009021459263749421,"z":0.00003572764398995787,"w":-0.9991158843040466},"size":473.5492858886719,"orthographic":false}