{"cameraMode":{"drawMode":0,"name":"Shaded","section":"Shading Mode"},"sceneLighting":false,"audioPlay":false,"sceneViewState":{"m_AlwaysRefresh":false,"showFog":true,"showSkybox":false,"showFlares":true,"showImageEffects":true,"showParticleSystems":true,"showVisualEffectGraphs":true,"m_FxEnabled":true},"in2DMode":false,"pivot":{"x":-0.04011252522468567,"y":0.007099185138940811,"z":-0.013547658920288086},"rotation":{"x":-0.23200461268424989,"y":0.03704746812582016,"z":-0.008841740898787976,"w":-0.9719750285148621},"size":0.24227160215377809,"orthographic":false}